candidate_id,strategy_id,model,total_trades,trade_count_long,trade_count_short,profit_total,profit_total_abs,profit_factor,expectancy,max_drawdown_account,max_drawdown_abs,cagr,sharpe,sortino,market_change,backtest_start,backtest_end,position_time_days,mean_open_positions,slot_utilization,time_weighted_gross_capital_exposure
ASDTSRockwellTrading-trend,ASDTSRockwellTrading,model0,13402,13402,0,-0.96571167852,-965.71167852,0.521668361997,-0.0720572808924,0.96571167852,965.71167852,-0.410173878891,-19.3010291457,-32.0545828048,5.41901353745,2020-04-01T00:00:00+00:00,2026-08-20T23:55:00+00:00,428.604166667,0.183714018244,0.0229642522805,0.00743089730897
ASDTSRockwellTrading-trend,ASDTSRockwellTrading,model1,13855,13855,0,-0.96568307464,-965.68307464,0.510389237868,-0.0696992475381,0.965695060986,966.03248047,-0.41009689244,-22.6560976743,-35.5547409046,5.41901353745,2020-04-01T00:00:00+00:00,2026-08-20T23:55:00+00:00,416.336805556,0.178455818771,0.0223069773464,0.00611322805058
ASDTSRockwellTrading-trend,ASDTSRockwellTrading,model2,14234,14234,0,-0.96568327036,-965.68327036,0.589173303719,-0.0678434221132,0.96568327036,965.68327036,-0.410097419031,-18.0617956273,-29.1356936863,5.41901353745,2020-04-01T00:00:00+00:00,2026-08-20T23:55:00+00:00,426.649305556,0.182876099675,0.0228595124594,0.00653461128856
ASDTSRockwellTrading-trend,ASDTSRockwellTrading,model3,13361,13361,0,-0.96578281542,-965.78281542,0.572943522471,-0.0722837224325,0.965794766928,966.13222125,-0.410365576787,-17.5983671745,-26.9774634721,5.41901353745,2020-04-01T00:00:00+00:00,2026-08-20T23:55:00+00:00,409.208333333,0.175400318201,0.0219250397751,0.00619227102899
ADXDM-trend,ADXDM,model0,1132,1132,0,-0.2151390322,-215.1390322,0.804486162268,-0.190052148587,0.370205912944,433.28839814,-0.0372064599459,-0.310825637821,-0.187533416323,5.41901353745,2020-04-01T00:00:00+00:00,2026-08-20T23:55:00+00:00,1847.44791667,0.791877696632,0.098984712079,0.0855939657148
ADXDM-trend,ADXDM,model1,324,324,0,0.07373258159,73.73258159,1.3679264616,0.227569696265,0.0672337446368,71.84280646,0.0111970665137,0.124959776338,0.0682949681475,5.41901353745,2020-04-01T00:00:00+00:00,2026-08-20T23:55:00+00:00,459.607638889,0.197003138846,0.0246253923557,0.0263996645516
ADXDM-trend,ADXDM,model2,241,241,0,-0.0028532449,-2.8532449,0.984820947529,-0.0118391904564,0.10824724476,113.79598334,-0.000447122547078,-0.0044228771904,-0.00273791401987,5.41901353745,2020-04-01T00:00:00+00:00,2026-08-20T23:55:00+00:00,500.25,0.214423808199,0.0268029760248,0.0263400577584
ADXDM-trend,ADXDM,model3,169,169,0,-0.03136130621,-31.36130621,0.798972306466,-0.185569859231,0.102060182499,106.78939181,-0.00497481195988,-0.046210633826,-0.0272230423979,5.41901353745,2020-04-01T00:00:00+00:00,2026-08-20T23:55:00+00:00,314.256944444,0.134700991066,0.0168376238832,0.016499984037
ADXMomentum-trend,ADXMomentum,model0,62,62,0,-0.03467207866,-34.67207866,0.603807666345,-0.559227075161,0.0461167189512,46.28954199,-0.00550789247779,-0.0840121035208,-0.077920043331,5.48755111349,2020-04-01T00:00:00+00:00,2026-08-20T23:00:00+00:00,30.0833333333,0.0128949295422,0.00161186619278,0.00154575922874
ADXMomentum-trend,ADXMomentum,model1,21,21,0,-0.01328417172,-13.28417172,0.594766317234,-0.632579605714,0.0272564959188,27.32403889,-0.00209095686635,-0.0269348292608,-0.0229375075083,5.48755111349,2020-04-01T00:00:00+00:00,2026-08-20T23:00:00+00:00,7.08333333333,0.00303620224679,0.000379525280849,0.000370939245236
ADXMomentum-trend,ADXMomentum,model2,14,14,0,-0.03256386301,-32.56386301,0.228473000208,-2.325990215,0.03375693414,33.75693414,-0.00516826238263,-0.0536997124738,-0.0615428283207,5.48755111349,2020-04-01T00:00:00+00:00,2026-08-20T23:00:00+00:00,7.70833333333,0.00330410244504,0.000413012805629,0.000400203174637
ADXMomentum-trend,ADXMomentum,model3,9,9,0,-0.02400784628,-24.00784628,0.201551529407,-2.66753847556,0.027045366157,27.07886424,-0.00379627804098,-0.0364362021192,-0.0408071470531,5.48755111349,2020-04-01T00:00:00+00:00,2026-08-20T23:00:00+00:00,5.54166666667,0.00237538175778,0.000296922719723,0.0002888965579
ADX_15M_USDT-trend,ADX_15M_USDT,model0,8586,8586,0,-0.9405163262,-940.5163262,0.862218317915,-0.109540685558,0.961572233077,1462.27320076,-0.357058913732,-1.99363798119,-1.39248725181,5.45302345029,2020-04-01T00:00:00+00:00,2026-08-20T23:45:00+00:00,9952.10416667,4.2658159461,0.533226993262,0.240166100108
ADX_15M_USDT-trend,ADX_15M_USDT,model1,2845,2845,0,-0.59804618155,-598.04618155,0.803971143085,-0.210209554148,0.614363363645,640.35850501,-0.132945413407,-1.2055696083,-0.891888436685,5.45302345029,2020-04-01T00:00:00+00:00,2026-08-20T23:45:00+00:00,3349.05208333,1.4355195185,0.179439939813,0.124326741257
ADX_15M_USDT-trend,ADX_15M_USDT,model2,2282,2282,0,-0.75539955602,-755.39955602,0.690158216891,-0.331025221744,0.765623961969,799.02349486,-0.197800209636,-1.65679333899,-1.25447189228,5.45302345029,2020-04-01T00:00:00+00:00,2026-08-20T23:45:00+00:00,2358.97916667,1.01114003402,0.126392504253,0.0713485976682
ADX_15M_USDT-trend,ADX_15M_USDT,model3,1603,1603,0,-0.51903469443,-519.03469443,0.715292284745,-0.323789578559,0.528772335337,539.69910282,-0.10824597836,-1.0640554674,-0.796175898935,5.45302345029,2020-04-01T00:00:00+00:00,2026-08-20T23:45:00+00:00,1640.01041667,0.702965168976,0.087870646122,0.0586629299214
AdaptiveRegime-trend,AdaptiveRegime,model0,336,157,179,-0.11692808326,-116.92808326,0.964687652079,-0.348000247798,0.64226845719,1105.44495414,-0.0203916938684,-0.0291151949042,-0.0822349469329,2.1157063636,2020-08-08T00:00:00+00:00,2026-08-20T00:00:00+00:00,7295,3.31139355424,0.413924194281,0.362351918765
AdaptiveRegime-trend,AdaptiveRegime,model1,180,106,74,0.30403748108,304.03748108,1.13271267943,1.68909711711,0.412679087796,690.50456169,0.0449647095316,0.0516293235922,0.189443464813,2.1157063636,2020-08-08T00:00:00+00:00,2026-08-20T00:00:00+00:00,4129,1.8742623695,0.234282796187,0.259974449823
AdaptiveRegime-trend,AdaptiveRegime,model2,170,87,83,-0.00028185432,-0.28185432,0.999835412847,-0.00165796658824,0.427970649397,541.21996172,-4.67040058677e-05,-6.6348018267e-05,-0.000222144061103,2.1157063636,2020-08-08T00:00:00+00:00,2026-08-20T00:00:00+00:00,3848,1.74670903314,0.218338629142,0.182659776037
AdaptiveRegime-trend,AdaptiveRegime,model3,128,71,57,0.31307047523,313.07047523,1.21355848149,2.44586308773,0.284454232979,387.80432693,0.0461605415627,0.0562754983117,0.237876082038,2.1157063636,2020-08-08T00:00:00+00:00,2026-08-20T00:00:00+00:00,2965,1.3458919655,0.168236495688,0.173001437158
BBMod-trend,BBMod,model0,6101,6101,0,1.86494528191,1864.94528191,1.16271316343,0.30567862349,0.286842212989,739.24035957,0.179089952846,1.97217969116,2.09520349268,5.41901353745,2020-04-01T00:00:00+00:00,2026-08-20T23:55:00+00:00,187.111111111,0.0802020529749,0.0100252566219,0.0203401467454
BBMod-trend,BBMod,model1,2089,2089,0,0.96109700143,961.09700143,1.36432069374,0.460075156261,0.133968461469,222.47892221,0.111172215137,1.21578271739,1.41284122054,5.41901353745,2020-04-01T00:00:00+00:00,2026-08-20T23:55:00+00:00,55.4618055556,0.0237727767252,0.00297159709065,0.00416941134263
BBMod-trend,BBMod,model2,2154,2154,0,0.67220214318,672.20214318,1.25110690526,0.312071561365,0.108326299005,170.60448229,0.0837989224716,1.11332902781,1.10659681223,5.41901353745,2020-04-01T00:00:00+00:00,2026-08-20T23:55:00+00:00,59.0138888889,0.0252953179254,0.00316191474067,0.00427481334602
BBMod-trend,BBMod,model3,1351,1351,0,0.47645619592,476.45619592,1.32415000268,0.352669278993,0.108322862087,146.90087486,0.062884481878,0.911937014474,0.837652394162,5.41901353745,2020-04-01T00:00:00+00:00,2026-08-20T23:55:00+00:00,34.8993055556,0.0149590044992,0.0018698755624,0.00223702077559
AlmgrenChrissStrategy-trend,AlmgrenChrissStrategy,model0,11145,5818,5327,-0.96611478341,-966.11478341,0.848529650126,-0.0866859383948,0.967051709834,994.55105186,-0.407158591684,-4.29455263775,-3.17677275941,3.91459338886,2020-03-01T00:00:00+00:00,2026-08-20T23:45:00+00:00,7054.19791667,2.98402241973,0.373002802466,0.0471211377429
AlmgrenChrissStrategy-trend,AlmgrenChrissStrategy,model1,9616,4750,4866,-0.15307835325,-153.07835325,0.987451573648,-0.0159191299137,0.456102799774,643.9919972,-0.0253373376574,-0.312744318637,-0.24435419653,3.91459338886,2020-03-01T00:00:00+00:00,2026-08-20T23:45:00+00:00,9269.52083333,3.92113438176,0.49014179772,0.130318146161
AlmgrenChrissStrategy-trend,AlmgrenChrissStrategy,model2,7819,3858,3961,-0.63942884327,-639.42884327,0.918083622971,-0.0817788519338,0.693895434157,790.75308384,-0.145777982272,-1.70850960002,-1.34667355723,3.91459338886,2020-03-01T00:00:00+00:00,2026-08-20T23:45:00+00:00,7489.57291667,3.16819201297,0.396024001622,0.0846944189769
AlmgrenChrissStrategy-trend,AlmgrenChrissStrategy,model3,5717,2679,3038,-0.14446234852,-144.46234852,0.979644903907,-0.0252689082596,0.286666760421,328.46877807,-0.0238122812193,-0.314406072294,-0.254929272825,3.91459338886,2020-03-01T00:00:00+00:00,2026-08-20T23:45:00+00:00,5595.88541667,2.36713624126,0.295892030157,0.0943723809274
