candidate_id,coin_regime,trades,long_trades,short_trades,profit_abs,mean_profit_ratio,wins,gross_profit,gross_loss,mean_duration_minutes,active_dates,profit_factor,win_rate
ADXDM-downtrend,BEAR,198,198,0,-121.62614763,-0.00442298641313,149,191.68419514,313.31034277,1653.81313131,107,0.611802960111,0.752525252525
ADXDM-downtrend,BULL,12,12,0,27.47330389,0.0181358771176,8,27.52822186,0.05491797,375,12,501.260732325,0.666666666667
ADXDM-downtrend,SIDEWAYS,25,25,0,-27.92262201,-0.007273778438,16,39.11168639,67.0343084,1159.2,21,0.583457744602,0.64
ADXDM-downtrend,TRANSITION,46,46,0,35.13676468,0.00658942183154,37,68.93416582,33.79740114,657.717391304,39,2.0396291873,0.804347826087
BB_RPB_TSL_RNG_2-transition,BEAR,13,13,0,14.24617326,0.00878668776346,6,16.85559392,2.60942066,19.6153846154,6,6.4595157762,0.461538461538
BB_RPB_TSL_RNG_2-transition,BULL,36,36,0,6.89352716,0.00158028605368,10,42.56573476,35.6722076,19.8611111111,13,1.19324644096,0.277777777778
BB_RPB_TSL_RNG_2-transition,SIDEWAYS,43,43,0,-5.62587651,-0.000877357670747,18,69.71096539,75.3368419,36.0465116279,11,0.925323701285,0.418604651163
BB_RPB_TSL_RNG_2-transition,TRANSITION,20,20,0,22.65277568,0.00925860739212,8,27.01927255,4.36649687,35.75,10,6.18786028123,0.4
BB_RTR-sideways,BEAR,8,8,0,9.83740302,0.00897843208252,4,11.5565831,1.71918008,30,4,6.72214809515,0.5
BB_RTR-sideways,BULL,18,18,0,19.15618615,0.00844675899561,10,30.19030338,11.03411723,21.9444444444,8,2.73608687951,0.555555555556
BB_RTR-sideways,SIDEWAYS,37,37,0,65.08992822,0.0133228106193,25,69.95238906,4.86246084,55.5405405405,12,14.3862112954,0.675675675676
BB_RTR-sideways,TRANSITION,35,35,0,26.00200975,0.00589130165871,18,73.36144842,47.35943867,69.2857142857,13,1.54903542948,0.514285714286
BB_RTR-transition,BEAR,20,20,0,23.4443666,0.00913786307848,14,34.8940253,11.4496587,86.5,10,3.04760396919,0.7
BB_RTR-transition,BULL,42,42,0,63.92480337,0.0117179523212,25,76.87917829,12.95437492,32.9761904762,17,5.93461118462,0.595238095238
BB_RTR-transition,SIDEWAYS,48,48,0,51.68996799,0.00774892519466,33,109.05188913,57.36192114,96.1458333333,15,1.90111988864,0.6875
BB_RTR-transition,TRANSITION,37,37,0,28.14513485,0.00597637693671,18,47.2425159,19.09738105,59.1891891892,15,2.47376934965,0.486486486486
BigTrader-sideways,BEAR,3,3,0,12.17829524,0.031584809083,3,12.17829524,0,548.333333333,3,inf,1
BigTrader-sideways,SIDEWAYS,12,12,0,43.48377569,0.0283201994026,12,43.48377569,0,60.8333333333,5,inf,1
BigTrader-sideways,TRANSITION,8,8,0,32.56588778,0.0317496546556,8,32.56588778,0,81.875,5,inf,1
BigTrader-transition,BEAR,5,5,0,17.91495746,0.0268791183222,5,17.91495746,0,669,2,inf,1
BigTrader-transition,BULL,6,6,0,19.5678656,0.0249154161829,6,19.5678656,0,12.5,3,inf,1
BigTrader-transition,SIDEWAYS,14,14,0,52.69672253,0.029157168264,14,52.69672253,0,1739.28571429,7,inf,1
BigTrader-transition,TRANSITION,7,7,0,22.36863507,0.0247887197894,7,22.36863507,0,441.428571429,5,inf,1
Cenderawasih_3_kucoin-sideways,BEAR,2,2,0,-2.48975062,-0.0101188960102,0,0,2.48975062,0,2,0,0
Cenderawasih_3_kucoin-sideways,BULL,1,1,0,-1.4831388,-0.0120353784147,0,0,1.4831388,0,1,0,0
Cenderawasih_3_kucoin-sideways,SIDEWAYS,14,14,0,-0.81194546,-0.000440271705161,5,9.74235597,10.55430143,18.5714285714,6,0.923069710924,0.357142857143
Cenderawasih_3_kucoin-sideways,TRANSITION,11,11,0,-0.33068687,-0.000243201827226,4,5.60082356,5.93151043,12.2727272727,5,0.944249129475,0.363636363636
CryptoFrog_nateema-transition,BEAR,206,206,0,-81.19927372,-0.0027741350567,158,262.08332625,343.28259997,216.165048544,47,0.763462308526,0.766990291262
CryptoFrog_nateema-transition,BULL,324,324,0,86.31476435,0.00238990514888,264,529.12386773,442.80910338,181.635802469,70,1.19492545138,0.814814814815
CryptoFrog_nateema-transition,SIDEWAYS,327,327,0,-72.21722933,-0.00133767122663,248,381.23906144,453.45629077,253.302752294,81,0.840740484144,0.758409785933
CryptoFrog_nateema-transition,TRANSITION,303,303,0,-34.68980077,-0.000671076988083,235,362.85306097,397.54286174,231.02310231,81,0.912739470109,0.775577557756
CustomStoplossWithPSAR-downtrend,BEAR,42,42,0,7929.50702073,1.29756865053,20,10228.551104,2299.04408325,536707.142857,20,4.44904522645,0.47619047619
CustomStoplossWithPSAR-downtrend,SIDEWAYS,7,7,0,-392.71022323,-0.0439865702762,2,153.96992206,546.68014529,201548.571429,7,0.281645352198,0.285714285714
CustomStoplossWithPSAR-downtrend,TRANSITION,10,10,0,-962.66498906,-0.183703873544,0,0,962.66498906,119136,6,0,0
E0V1E_protections-sideways,BEAR,4,4,0,14.92768428,0.0278489219229,3,15.77626728,0.848583,22.5,3,18.5913072499,0.75
E0V1E_protections-sideways,BULL,7,7,0,18.23089355,0.0210464484313,5,25.82700609,7.59611254,40.7142857143,4,3.40002941689,0.714285714286
E0V1E_protections-sideways,SIDEWAYS,16,16,0,58.71405483,0.027815388606,12,62.24712623,3.5330714,15.9375,7,17.618417287,0.75
E0V1E_protections-sideways,TRANSITION,13,13,0,37.64615712,0.0224963580977,9,47.10934016,9.46318304,33.0769230769,7,4.97817066001,0.692307692308
FSampleStrategy-sideways,BEAR,53,50,3,997.99784404,0.0912035176399,16,1594.86281392,596.86496988,42736.9811321,42,2.67206637079,0.301886792453
FSampleStrategy-sideways,BULL,31,27,4,-352.54819376,-0.0184010814629,1,118.87970713,471.42790089,8088.38709677,22,0.252169434405,0.0322580645161
FSampleStrategy-sideways,SIDEWAYS,166,156,10,2108.16697695,0.0581511469966,35,4323.40216623,2215.23518928,27810,87,1.9516673386,0.210843373494
FSampleStrategy-sideways,TRANSITION,73,64,9,-258.65811401,0.01188124334,9,876.59115087,1135.24926488,28368.4931507,52,0.772157426557,0.123287671233
FSampleStrategy-trend,BEAR,54,40,14,-165.74622918,-0.0113053537551,11,264.62662267,430.37285185,20692.2222222,40,0.61487759168,0.203703703704
FSampleStrategy-trend,BULL,182,181,1,562.16950476,0.0232509512251,24,2020.76310621,1458.59360145,16575.1648352,97,1.38541887487,0.131868131868
FSampleStrategy-trend,SIDEWAYS,71,70,1,-251.75026329,-0.00696384583943,5,454.53632728,706.28659057,21904.2253521,52,0.643557917351,0.0704225352113
FSampleStrategy-trend,TRANSITION,53,51,2,-22.93057429,0.0080481370927,4,399.78235964,422.71293393,16965.2830189,36,0.945753790695,0.0754716981132
FastSupertrend_optim3_rsi_80-trend,BEAR,2425,174,2251,2472.1693941,0.00259711072939,1855,31345.8646383,28873.6952442,1029.42680412,371,1.08562012493,0.764948453608
FastSupertrend_optim3_rsi_80-trend,BULL,2033,1749,284,3665.55805216,0.00420724499405,1597,21337.1267812,17671.568729,1114.26463355,471,1.20742686223,0.785538612887
FastSupertrend_optim3_rsi_80-trend,SIDEWAYS,1032,720,312,2756.46299545,0.00539990254684,808,12695.5964924,9939.13349699,1277.6744186,305,1.27733433667,0.782945736434
FastSupertrend_optim3_rsi_80-trend,TRANSITION,986,503,483,619.47037343,0.00302365639675,771,11022.418008,10402.9476346,1143.8336714,349,1.05954758163,0.781947261663
FastSupertrend_optim3_rsi_80-uptrend,BEAR,366,174,192,-218.53491007,-0.000997762498102,268,2134.78222581,2353.31713588,1135.90163934,104,0.907137501046,0.732240437158
FastSupertrend_optim3_rsi_80-uptrend,BULL,2810,1749,1061,2272.17198735,0.00285763935416,2154,17442.845732,15170.6737447,1181.40213523,523,1.1497739669,0.766548042705
FastSupertrend_optim3_rsi_80-uptrend,SIDEWAYS,1149,720,429,1782.04630273,0.00450491537313,876,8019.23756186,6237.19125913,1534.36031332,308,1.28571294814,0.762402088773
FastSupertrend_optim3_rsi_80-uptrend,TRANSITION,816,503,313,713.33808144,0.00339398537683,626,5077.57601954,4364.2379381,1410.22058824,290,1.16345077687,0.767156862745
GodCard-downtrend,BEAR,42,42,0,8.02110972,0.00162360980701,38,29.88183549,21.86072577,272.380952381,23,1.36691872925,0.904761904762
GodCard-downtrend,BULL,3,3,0,4.76619573,0.0128631059293,3,4.76619573,0,30,3,inf,1
GodCard-downtrend,SIDEWAYS,7,7,0,-31.95707185,-0.0366237574444,3,1.13843808,33.09550993,606.428571429,5,0.0343985659205,0.428571428571
GodCard-downtrend,TRANSITION,9,9,0,8.72357563,0.00782902462039,9,8.72357563,0,282.222222222,8,inf,1
GodCard-sideways,BEAR,12,12,0,18.07811211,0.0116866556761,12,18.07811211,0,9.58333333333,9,inf,1
GodCard-sideways,BULL,6,6,0,13.97161298,0.0183667106966,6,13.97161298,0,8.33333333333,5,inf,1
GodCard-sideways,SIDEWAYS,32,32,0,37.77446898,0.00905603830373,32,37.77446898,0,10.9375,21,inf,1
GodCard-sideways,TRANSITION,18,18,0,21.02217945,0.00922829050412,17,32.88657745,11.864398,15.5555555556,12,2.77187072197,0.944444444444
Hacklemost-sideways,BEAR,1,1,0,1.58130331,0.0126613885066,1,1.58130331,0,100,1,inf,1
Hacklemost-sideways,SIDEWAYS,8,8,0,17.2970254,0.0172483280878,8,17.2970254,0,67.5,4,inf,1
Hacklemost-sideways,TRANSITION,3,3,0,7.96725967,0.0213624735773,3,7.96725967,0,271.666666667,3,inf,1
Hammer-transition,BEAR,12,12,0,5.21552599,0.00439743026012,8,34.91393152,29.69840553,906.666666667,8,1.17561636381,0.666666666667
Hammer-transition,BULL,28,28,0,48.15568003,0.0138410944055,24,104.30758643,56.1519064,224.464285714,14,1.85759652908,0.857142857143
Hammer-transition,SIDEWAYS,22,22,0,-25.11362928,-0.00856855273439,17,35.52218549,60.63581477,1201.59090909,14,0.585828451794,0.772727272727
Hammer-transition,TRANSITION,19,19,0,21.32477285,0.00906614751065,12,46.70772803,25.38295518,323.947368421,13,1.84012175489,0.631578947368
MFI2-downtrend,BEAR,160,160,0,335.52245577,0.0162526620139,125,680.7305616,345.20810583,461,51,1.97194257639,0.78125
MFI2-downtrend,BULL,55,55,0,71.17925596,0.0122868688448,43,296.10886024,224.92960428,416.818181818,24,1.31645125677,0.781818181818
MFI2-downtrend,SIDEWAYS,32,32,0,4.72801159,0.00446925956856,25,150.25794424,145.52993265,350.9375,16,1.03248824145,0.78125
MFI2-downtrend,TRANSITION,40,40,0,60.19120202,0.0129953642276,33,146.37923976,86.18803774,398.875,29,1.69837072056,0.825
NFI46Z-downtrend,BEAR,66,66,0,19.48329639,0.00248621472469,54,64.56459267,45.08129628,98.3333333333,32,1.43218137005,0.818181818182
NFI46Z-downtrend,BULL,15,15,0,-3.97431037,-0.00218570834109,13,21.49978048,25.47409085,27,5,0.84398617429,0.866666666667
NFI46Z-downtrend,SIDEWAYS,9,9,0,-15.49131262,-0.0138001456175,5,7.87546374,23.36677636,193.888888889,7,0.337036808958,0.555555555556
NFI46Z-downtrend,TRANSITION,8,8,0,6.53945667,0.00673404176115,7,7.34758329,0.80812662,69.375,7,9.0921188687,0.875
NostalgiaForInfinityX-transition,BEAR,9,9,0,46.87348418,0.0383217413708,9,46.87348418,0,900.555555556,5,inf,1
NostalgiaForInfinityX-transition,BULL,25,25,0,76.41072404,0.0237377400683,25,76.41072404,0,123.8,6,inf,1
NostalgiaForInfinityX-transition,SIDEWAYS,11,11,0,44.44968003,0.031112221822,10,51.83167923,7.3819992,506.818181818,5,7.02136072163,0.909090909091
NostalgiaForInfinityX-transition,TRANSITION,11,11,0,-15.0039902,-0.0103277722401,9,25.15190578,40.15589598,3678.63636364,9,0.626356483056,0.818181818182
OversoldReversion-downtrend,BEAR,89,89,0,480.65754889,0.0568261119835,61,701.94227711,221.28472822,4320,50,3.1721225534,0.685393258427
OversoldReversion-downtrend,SIDEWAYS,9,9,0,20.96819214,0.0234954987332,6,48.82574684,27.8575547,4320,9,1.75269320534,0.666666666667
OversoldReversion-downtrend,TRANSITION,8,8,0,60.46343747,0.0701823036351,7,64.94851849,4.48508102,4320,8,14.4810134311,0.875
SARCross-sideways,BEAR,3,3,0,11.42385688,0.029198031058,3,11.42385688,0,111.666666667,2,inf,1
SARCross-sideways,BULL,5,5,0,14.55635572,0.0234064317201,5,14.55635572,0,18578,3,inf,1
SARCross-sideways,SIDEWAYS,16,16,0,67.46004197,0.0323745116356,15,67.46319997,0.003158,1553.4375,8,21362.6345693,0.9375
SARCross-sideways,TRANSITION,8,8,0,27.31362229,0.0260567190601,7,27.35258869,0.0389664,202.5,5,701.953187618,0.875
SARCross-transition,BEAR,7,7,0,6.00779757,0.00679828724157,7,6.00779757,0,332.857142857,5,inf,1
SARCross-transition,BULL,14,14,0,15.10679923,0.0087732263957,13,46.99977607,31.89297684,613.928571429,6,1.47367165837,0.928571428571
SARCross-transition,SIDEWAYS,23,23,0,26.75444658,0.00930813319766,21,54.15166246,27.39721588,433.695652174,12,1.97653888253,0.913043478261
SARCross-transition,TRANSITION,13,13,0,21.23157707,0.013093472125,11,21.26161817,0.0300411,338.461538462,10,707.750986815,0.846153846154
SimpleBollinger-downtrend,BEAR,28,28,0,58.25700209,0.0163596149342,26,58.25704431,4.222e-05,1656.25,22,1379844.72549,0.928571428571
SimpleBollinger-downtrend,BULL,2,2,0,0.82626354,0.00324850139172,2,0.82626354,0,342.5,2,inf,1
SimpleBollinger-downtrend,SIDEWAYS,3,3,0,0.86641234,0.00228652282259,2,0.87207436,0.00566202,5980,3,154.021773148,0.666666666667
SimpleBollinger-downtrend,TRANSITION,5,5,0,2.37006043,0.00379026127473,3,2.37456551,0.00450508,338,5,527.086202687,0.6
Squeeze001-downtrend,BEAR,69,69,0,83.16413571,0.00992082401427,53,144.90187131,61.7377356,915.942028986,41,2.34705516653,0.768115942029
Squeeze001-downtrend,BULL,23,23,0,-3.78228983,-0.000342323557503,16,57.98380293,61.76609276,747.391304348,16,0.938764301561,0.695652173913
Squeeze001-downtrend,SIDEWAYS,15,15,0,-39.28038872,-0.0202418967287,7,21.05693659,60.33732531,4103.33333333,11,0.348986907885,0.466666666667
Squeeze001-downtrend,TRANSITION,18,18,0,-20.99260422,-0.00846363877722,11,39.36729204,60.35989626,720.555555556,18,0.652209405239,0.611111111111
TheRealPullbackV2-sideways,BEAR,15,15,0,26.68839277,0.0132109904871,14,31.82842173,5.14002896,104.666666667,9,6.19226505876,0.933333333333
TheRealPullbackV2-sideways,BULL,21,21,0,28.85810443,0.0113191442927,14,56.04757823,27.1894738,90.7142857143,16,2.06137046426,0.666666666667
TheRealPullbackV2-sideways,SIDEWAYS,45,45,0,103.47976045,0.0167063594896,34,128.65330759,25.17354714,117.444444444,26,5.11065472317,0.755555555556
TheRealPullbackV2-sideways,TRANSITION,23,23,0,28.55627065,0.0100473884031,12,64.22011,35.66383935,90.652173913,15,1.8007065748,0.521739130435
adxbbrsi2-transition,BEAR,42,42,0,-9.39816122,-0.00172421915872,31,32.25315486,41.65131608,2922.85714286,28,0.774361002136,0.738095238095
adxbbrsi2-transition,BULL,25,25,0,22.89601596,0.0072457098941,20,22.92079286,0.0247769,1716,16,925.087192506,0.8
adxbbrsi2-transition,SIDEWAYS,50,50,0,35.59456244,0.00561686339328,42,35.62174813,0.02718569,4494,27,1310.31245225,0.84
adxbbrsi2-transition,TRANSITION,50,50,0,3.38246149,0.000741804374488,36,45.84904076,42.46657927,6236.4,32,1.07964996353,0.72
cryptotank-downtrend,BEAR,446,446,0,-30.91057143,0.00921291616233,348,593.50588619,624.41645762,1643.81165919,102,0.95049686623,0.780269058296
cryptotank-downtrend,BULL,99,99,0,-494.34124759,-0.0287864224306,60,147.56102208,641.90226967,3787.87878788,52,0.229880823067,0.606060606061
cryptotank-downtrend,SIDEWAYS,83,83,0,-85.01766359,0.00164357429991,68,81.0174297,166.03509329,1995.18072289,36,0.487953649404,0.819277108434
cryptotank-downtrend,TRANSITION,107,107,0,-170.57239152,0.00377915705873,80,140.82990829,311.40229981,2130.8411215,50,0.452244278144,0.747663551402
cryptotank-sideways,BEAR,30,30,0,146.71560118,0.0260327410967,30,146.71560118,0,2896,19,inf,1
cryptotank-sideways,BULL,75,75,0,-73.20257819,0.00712897341285,62,330.93696112,404.13953931,3082.4,32,0.818868061475,0.826666666667
cryptotank-sideways,SIDEWAYS,139,139,0,-116.92006336,0.00787056127607,114,492.77081593,609.69087929,3124.31654676,46,0.808230584823,0.820143884892
cryptotank-sideways,TRANSITION,78,78,0,-105.29137595,0.00609119120503,59,234.91717828,340.20855423,2930,29,0.69050932247,0.75641025641
cryptotank-transition,BEAR,66,66,0,-67.78808134,0.00755692318391,58,137.79728063,205.58536197,4339.09090909,31,0.670267957356,0.878787878788
cryptotank-transition,BULL,119,119,0,-331.41353779,-0.00406058443473,93,310.64084044,642.05437823,2621.8487395,49,0.48382325699,0.781512605042
cryptotank-transition,SIDEWAYS,93,93,0,-197.91955266,0.000975675064469,80,184.16556576,382.08511842,5265.80645161,39,0.482001409847,0.860215053763
cryptotank-transition,TRANSITION,86,86,0,62.92363445,0.00987233472595,78,231.43614526,168.51251081,5859.76744186,40,1.37340630762,0.906976744186
eltoro1_4-transition,BEAR,144,144,0,-20.7464382,0.00180022581583,123,290.06420203,310.81064023,5984.58333333,66,0.933250553505,0.854166666667
eltoro1_4-transition,BULL,71,71,0,-196.94841846,-0.0232322937275,52,160.35602979,357.30444825,6969.29577465,39,0.448793824357,0.732394366197
eltoro1_4-transition,SIDEWAYS,148,148,0,-194.096952,-0.0133244432333,123,292.85928054,486.95623254,9082.7027027,85,0.60140780828,0.831081081081
eltoro1_4-transition,TRANSITION,121,121,0,5.06068577,0.000951541872338,107,270.93672687,265.8760411,7702.80991736,67,1.01903400453,0.884297520661
eltoro1_4_simple-downtrend,BEAR,459,459,0,59.83356527,0.00530477654877,388,1638.62576493,1578.79219966,6401.96078431,165,1.03789831574,0.845315904139
eltoro1_4_simple-downtrend,BULL,104,104,0,-293.96080522,-0.0213393053576,76,446.18629598,740.1471012,8374.90384615,61,0.602834619303,0.730769230769
eltoro1_4_simple-downtrend,SIDEWAYS,92,92,0,-198.48416349,-0.0195515926966,68,325.10894491,523.5931084,7735.76086957,56,0.620919068059,0.739130434783
eltoro1_4_simple-downtrend,TRANSITION,110,110,0,80.28075541,0.0109786224001,95,430.28611868,350.00536327,5525.31818182,71,1.2293700721,0.863636363636
